Year,Month,Month_Name,Oil,Coal_Lignite,Natural_Gas,Total_CO2
1987,1,JAN,2887.26,703.79,522.03,4113.08
1987,2,FEB,2506.05,697.51,523.5,3727.06
1987,3,MAR,2756.09,686.68,605.84,4048.62
1987,4,APR,2699.84,741.4,593.62,4034.86
1987,5,MAY,2740.84,1370.03,678.79,4789.66
1987,6,JUN,2631.35,657.26,764.46,4053.07
1987,7,JUL,2732.06,994.23,733.9,4460.19
1987,8,AUG,2629.23,743.33,713.75,4086.31
1987,9,SEP,2575.67,631.3,775.27,3982.24
1987,10,OCT,2653.76,792.06,785.72,4231.54
1987,11,NOV,2576.1,733.94,763.19,4073.23
1987,12,DEC,2763.92,788.68,689.86,4242.46
1988,1,JAN,2983.38,837.03,773.69,4594.1
1988,2,FEB,2837.38,711.57,763.32,4312.27
1988,3,MAR,3158.75,842.14,797.62,4798.52
1988,4,APR,3058.05,912.04,772.05,4742.14
1988,5,MAY,3069.92,924.42,822.74,4817.07
1988,6,JUN,3047.9,775.08,833.54,4656.53
1988,7,JUL,3001.45,902.32,819.2,4722.96
1988,8,AUG,3104.1,784.0,859.46,4747.56
1988,9,SEP,3063.37,698.23,833.16,4594.76
1988,10,OCT,2988.65,914.94,861.32,4764.91
1988,11,NOV,3072.87,727.61,815.9,4616.38
1988,12,DEC,3223.4,794.92,824.58,4842.89
1989,1,JAN,3636.9,975.1,823.88,5435.88
1989,2,FEB,3247.98,899.89,729.76,4877.63
1989,3,MAR,3762.54,1034.97,815.87,5613.39
1989,4,APR,3653.24,828.2,803.55,5284.99
1989,5,MAY,3696.45,919.34,877.11,5492.9
1989,6,JUN,3687.72,1121.06,878.18,5686.96
1989,7,JUL,3638.35,1015.25,914.87,5568.48
1989,8,AUG,3699.61,1052.55,859.83,5612.0
1989,9,SEP,3475.04,920.67,869.81,5265.52
1989,10,OCT,3650.98,962.74,890.89,5504.62
1989,11,NOV,3827.54,1085.0,768.9,5681.43
1989,12,DEC,3933.15,1149.08,814.59,5896.82
1990,1,JAN,4358.93,1275.65,808.51,6443.08
1990,2,FEB,4124.1,1046.11,739.67,5909.88
1990,3,MAR,4609.71,1274.99,833.42,6718.13
1990,4,APR,4271.81,1349.89,802.67,6424.37
1990,5,MAY,4420.07,1451.11,854.81,6725.98
1990,6,JUN,4481.39,1550.44,800.33,6832.16
1990,7,JUL,4539.3,1282.68,814.82,6636.8
1990,8,AUG,4931.73,1315.33,834.21,7081.27
1990,9,SEP,4548.56,1327.56,852.52,6728.65
1990,10,OCT,4193.94,1554.12,846.3,6594.37
1990,11,NOV,4334.33,1568.66,896.99,6799.98
1990,12,DEC,4407.61,1597.13,902.51,6907.26
1991,1,JAN,5093.54,1779.99,978.69,7852.22
1991,2,FEB,4357.39,1452.98,920.39,6730.77
1991,3,MAR,4784.52,1622.07,1147.17,7553.77
1991,4,APR,4748.89,1506.89,1077.25,7333.03
1991,5,MAY,4822.76,1585.26,1178.73,7586.75
1991,6,JUN,4545.75,1668.37,1173.35,7387.47
1991,7,JUL,4869.06,1713.14,1120.87,7703.07
1991,8,AUG,4817.48,1447.71,1121.02,7386.21
1991,9,SEP,4533.87,1552.97,1065.32,7152.17
1991,10,OCT,4600.14,1540.43,1042.31,7182.88
1991,11,NOV,4486.27,1729.1,1022.32,7237.69
1991,12,DEC,4835.74,1826.22,987.89,7649.85
1992,1,JAN,5084.24,1857.05,994.97,7936.25
1992,2,FEB,4900.21,1642.33,966.39,7508.92
1992,3,MAR,5411.51,1677.6,1027.06,8116.17
1992,4,APR,5256.87,1611.55,1086.39,7954.81
1992,5,MAY,5318.25,1687.08,1173.27,8178.6
1992,6,JUN,5304.33,1953.0,1124.79,8382.12
1992,7,JUL,5133.82,1861.58,1174.43,8169.84
1992,8,AUG,5039.6,1666.51,1244.48,7950.59
1992,9,SEP,5013.25,1797.32,1251.46,8062.04
1992,10,OCT,5130.81,1860.81,1224.19,8215.81
1992,11,NOV,5190.41,1595.25,1217.82,8003.48
1992,12,DEC,5633.98,1580.26,1269.19,8483.44
1993,1,JAN,5686.58,1559.36,1252.51,8498.44
1993,2,FEB,5444.45,1503.82,1239.95,8188.23
1993,3,MAR,6153.54,1751.65,1354.89,9260.08
1993,4,APR,5895.33,1810.31,1304.48,9010.12
1993,5,MAY,6041.87,2160.72,1347.02,9549.62
1993,6,JUN,5845.36,2152.98,1328.98,9327.33
1993,7,JUL,5927.08,2186.35,1321.02,9434.45
1993,8,AUG,5781.23,2217.74,1237.03,9236.0
1993,9,SEP,5602.97,2183.9,1291.93,9078.8
1993,10,OCT,5977.38,1839.02,1328.99,9145.39
1993,11,NOV,6141.48,1931.97,1287.85,9361.3
1993,12,DEC,6174.98,1810.88,1306.65,9292.5
1994,1,JAN,6337.0,2124.28,1322.67,9783.96
1994,2,FEB,5945.83,1870.85,1278.15,9094.82
1994,3,MAR,6495.04,2379.91,1520.95,10395.9
1994,4,APR,6371.87,2434.28,1386.24,10192.38
1994,5,MAY,6713.91,2340.94,1417.54,10472.39
1994,6,JUN,6568.64,2344.59,1476.97,10390.2
1994,7,JUL,6551.21,2341.55,1565.01,10457.77
1994,8,AUG,6500.3,2420.81,1585.95,10507.06
1994,9,SEP,6365.7,2298.2,1509.4,10173.3
1994,10,OCT,6636.6,2116.97,1573.91,10327.49
1994,11,NOV,6786.5,1994.34,1570.14,10350.98
1994,12,DEC,7146.06,1997.66,1586.17,10729.89
1995,1,JAN,7058.24,2218.08,1566.66,10842.98
1995,2,FEB,6786.58,2131.24,1421.17,10339.0
1995,3,MAR,7954.97,2421.06,1594.31,11970.33
1995,4,APR,7327.84,2618.05,1464.07,11409.96
1995,5,MAY,8071.15,2643.2,1525.92,12240.27
1995,6,JUN,7678.08,2864.68,1483.25,12026.01
1995,7,JUL,7326.65,3077.08,1592.81,11996.53
1995,8,AUG,7188.8,2839.66,1649.88,11678.34
1995,9,SEP,6797.07,2513.75,1557.18,10868.0
1995,10,OCT,7367.27,2161.25,1608.1,11136.62
1995,11,NOV,7480.91,2385.69,1559.89,11426.49
1995,12,DEC,7739.9,2464.83,1552.43,11757.16
1996,1,JAN,7787.16,2670.1,1566.99,12024.25
1996,2,FEB,7825.5,2719.23,1454.78,11999.5
1996,3,MAR,8586.41,3075.14,1583.06,13244.61
1996,4,APR,8094.3,3156.44,1649.48,12900.22
1996,5,MAY,8490.4,2661.82,1832.25,12984.47
1996,6,JUN,8273.19,3172.17,1819.2,13264.57
1996,7,JUL,8338.95,3501.71,1909.3,13749.96
1996,8,AUG,8309.47,3348.32,1838.68,13496.47
1996,9,SEP,7793.12,3003.05,1884.36,12680.52
1996,10,OCT,7907.97,2992.43,2147.48,13047.88
1996,11,NOV,7646.76,2986.67,2105.58,12739.01
1996,12,DEC,7862.27,3490.2,2069.2,13421.66
1997,1,JAN,8119.67,3049.99,2166.72,13336.38
1997,2,FEB,7485.66,3163.56,2045.81,12695.03
1997,3,MAR,8741.87,3409.2,2238.05,14389.12
1997,4,APR,8279.12,3224.71,2169.3,13673.13
1997,5,MAY,8978.79,3047.46,2364.7,14390.94
1997,6,JUN,8542.75,3476.14,2349.14,14368.03
1997,7,JUL,8406.85,3337.72,2402.04,14146.61
1997,8,AUG,7802.21,3624.6,2394.56,13821.36
1997,9,SEP,7332.25,2808.68,2300.28,12441.21
1997,10,OCT,7453.57,3043.57,2395.74,12892.87
1997,11,NOV,6916.3,2985.78,2352.5,12254.59
1997,12,DEC,7381.06,2852.61,2414.61,12648.28
1998,1,JAN,7224.57,2338.52,2311.39,11874.48
1998,2,FEB,6574.5,2364.22,2226.17,11164.9
1998,3,MAR,7670.37,2600.67,2491.63,12762.68
1998,4,APR,7418.46,2939.84,2097.83,12456.13
1998,5,MAY,7761.0,3046.38,2442.49,13249.87
1998,6,JUN,7427.05,2721.11,2417.52,12565.69
1998,7,JUL,7103.47,2474.17,2445.6,12023.23
1998,8,AUG,6887.95,2717.23,2541.48,12146.66
1998,9,SEP,6830.18,2394.94,2513.8,11738.92
1998,10,OCT,6876.4,2399.82,2704.27,11980.5
1998,11,NOV,6561.74,2304.6,2630.89,11497.22
1998,12,DEC,7079.1,2335.3,2576.87,11991.27
1999,1,JAN,6747.77,2503.61,2537.6,11788.98
1999,2,FEB,6480.0,2803.14,2317.05,11600.2
1999,3,MAR,7636.73,2939.63,2809.74,13386.1
1999,4,APR,7040.1,3398.66,2594.66,13033.42
1999,5,MAY,7362.18,2598.37,2732.5,12693.04
1999,6,JUN,7358.53,2699.45,2799.01,12856.98
1999,7,JUL,7511.2,2748.81,2783.18,13043.19
1999,8,AUG,7293.71,3125.14,2823.72,13242.57
1999,9,SEP,6853.68,2635.78,2823.64,12313.1
1999,10,OCT,6640.98,2472.06,2985.74,12098.78
1999,11,NOV,6664.63,2282.18,2880.84,11827.65
1999,12,DEC,7064.19,2166.14,2767.17,11997.49
2000,1,JAN,7068.58,2498.81,2942.63,12510.03
2000,2,FEB,6639.94,2623.85,2852.6,12116.39
2000,3,MAR,7123.97,3088.06,2994.45,13206.48
2000,4,APR,6831.29,2728.83,2713.24,12273.36
2000,5,MAY,7206.48,2654.38,3236.88,13097.74
2000,6,JUN,6785.77,3001.43,3252.13,13039.32
2000,7,JUL,6552.56,2899.74,3360.23,12812.53
2000,8,AUG,6583.65,3209.37,3338.12,13131.14
2000,9,SEP,6053.06,3043.08,3264.11,12360.25
2000,10,OCT,6083.53,2415.76,3509.76,12009.05
2000,11,NOV,6085.19,2415.14,3394.15,11894.48
2000,12,DEC,6333.12,2521.14,3526.96,12381.22
2001,1,JAN,6263.05,2426.83,3199.13,11889.01
2001,2,FEB,5840.17,2535.1,3040.37,11415.65
2001,3,MAR,6458.44,2881.41,3547.06,12886.9
2001,4,APR,6451.63,2892.8,3666.98,13011.41
2001,5,MAY,6432.25,3172.39,3716.76,13321.4
2001,6,JUN,6249.96,2674.68,3599.41,12524.05
2001,7,JUL,6207.16,3480.88,3676.65,13364.69
2001,8,AUG,6259.99,3599.2,3606.52,13465.72
2001,9,SEP,5908.6,3531.5,3449.9,12890.0
2001,10,OCT,6154.58,2892.96,3617.57,12665.11
2001,11,NOV,6216.22,3280.09,3269.96,12766.28
2001,12,DEC,6723.39,3442.02,3179.59,13345.0
2002,1,JAN,6600.34,3790.25,3380.74,13771.33
2002,2,FEB,6021.47,3001.46,3317.48,12340.4
2002,3,MAR,6805.99,3338.7,3854.38,13999.08
2002,4,APR,6643.56,3305.05,3647.25,13595.85
2002,5,MAY,6824.95,3327.27,4006.06,14158.28
2002,6,JUN,6492.65,3340.09,3991.55,13824.29
2002,7,JUL,6667.51,3244.67,4158.47,14070.65
2002,8,AUG,6795.41,3289.65,4093.6,14178.67
2002,9,SEP,6123.46,3372.81,3781.86,13278.13
2002,10,OCT,6389.2,3249.38,3889.68,13528.26
2002,11,NOV,6634.01,2803.33,3605.75,13043.08
2002,12,DEC,6939.19,3181.01,3649.85,13770.05
2003,1,JAN,7072.31,4164.7,3584.83,14821.84
2003,2,FEB,6320.43,3438.92,3463.09,13222.44
2003,3,MAR,7096.29,3624.15,4160.76,14881.21
2003,4,APR,6783.11,3207.01,4084.4,14074.51
2003,5,MAY,7106.11,3239.27,4262.28,14607.66
2003,6,JUN,6882.33,3228.56,4040.67,14151.56
2003,7,JUL,6995.54,2777.27,4220.16,13992.97
2003,8,AUG,6891.82,3034.99,4215.63,14142.43
2003,9,SEP,6782.06,3495.15,4143.34,14420.54
2003,10,OCT,7006.14,3202.39,4360.05,14568.58
2003,11,NOV,7247.64,3216.65,3992.02,14456.31
2003,12,DEC,7675.88,3274.21,3763.66,14713.76
2004,1,JAN,7444.17,3688.92,3666.1,14799.18
2004,2,FEB,7375.93,3508.34,3676.14,14560.41
2004,3,MAR,8207.82,3852.08,4367.05,16426.94
2004,4,APR,7639.76,3646.23,4126.11,15412.1
2004,5,MAY,7880.21,4066.71,4397.34,16344.26
2004,6,JUN,7341.05,4036.16,4255.17,15632.37
2004,7,JUL,7598.44,3652.82,4430.95,15682.22
2004,8,AUG,7431.34,3708.21,4425.81,15565.36
2004,9,SEP,7230.38,3815.12,4400.54,15446.04
2004,10,OCT,7770.61,3544.58,4623.91,15939.1
2004,11,NOV,7811.45,3550.39,4424.09,15785.93
2004,12,DEC,8021.9,3693.18,4109.2,15824.28
2005,1,JAN,7634.91,4068.14,4274.01,15977.05
2005,2,FEB,7635.42,3623.88,4156.98,15416.28
2005,3,MAR,8265.54,4414.24,4662.1,17341.87
2005,4,APR,7880.05,4105.32,4233.88,16219.24
2005,5,MAY,8252.66,4197.85,4836.66,17287.17
2005,6,JUN,7850.77,4170.82,4492.15,16513.75
2005,7,JUL,7159.72,4168.76,4531.35,15859.83
2005,8,AUG,7446.74,3859.5,4683.92,15990.15
2005,9,SEP,7028.49,3906.57,4470.35,15405.41
2005,10,OCT,7133.82,3905.37,4492.95,15532.14
2005,11,NOV,7005.27,3909.12,4450.39,15364.77
2005,12,DEC,7545.26,4003.08,4118.86,15667.2
2006,1,JAN,7477.06,3976.34,4225.85,15679.26
2006,2,FEB,7341.09,3885.14,4016.43,15242.66
2006,3,MAR,8107.8,4241.93,4861.79,17211.53
2006,4,APR,7435.31,3685.3,4343.84,15464.45
2006,5,MAY,7642.13,4211.83,4854.28,16708.25
2006,6,JUN,7389.9,4098.16,4630.24,16118.3
2006,7,JUL,7194.94,4179.37,4726.42,16100.72
2006,8,AUG,7073.25,4443.21,4729.11,16245.57
2006,9,SEP,6634.88,4480.03,4564.92,15679.82
2006,10,OCT,6761.61,4626.18,4657.91,16045.7
2006,11,NOV,7001.73,4561.6,4635.65,16198.97
2006,12,DEC,7248.11,4924.0,4366.65,16538.76
2007,1,JAN,7217.97,5127.44,4503.22,16848.62
2007,2,FEB,6714.34,4574.59,4273.53,15562.46
2007,3,MAR,7587.88,4880.92,5171.53,17640.33
2007,4,APR,7074.31,4956.76,4696.66,16727.74
2007,5,MAY,7026.46,4468.87,5112.54,16607.88
2007,6,JUN,7103.13,4510.77,5062.02,16675.92
2007,7,JUL,6804.13,4994.14,5023.12,16821.39
2007,8,AUG,7069.83,5470.65,5079.44,17619.93
2007,9,SEP,6761.43,4578.46,4865.11,16205.01
2007,10,OCT,7112.3,4841.35,5016.44,16970.1
2007,11,NOV,6943.94,4604.75,4767.31,16315.99
2007,12,DEC,7217.08,4794.3,4661.42,16672.8
2008,1,JAN,7097.5,5456.16,4830.91,17384.57
2008,2,FEB,6582.2,5183.33,4737.43,16502.96
2008,3,MAR,7268.62,5411.86,5249.37,17929.85
2008,4,APR,7124.92,5508.09,4900.84,17533.85
2008,5,MAY,6745.61,5481.11,5580.49,17807.2
2008,6,JUN,6088.53,5341.5,5400.39,16830.41
2008,7,JUL,5909.22,5170.68,5744.51,16824.4
2008,8,AUG,6173.14,5111.84,5720.25,17005.22
2008,9,SEP,5937.19,5255.91,5395.18,16588.28
2008,10,OCT,6346.36,5332.67,5540.89,17219.93
2008,11,NOV,6226.76,4694.21,4930.36,15851.32
2008,12,DEC,6983.56,4303.44,4593.82,15880.83
2009,1,JAN,7183.2,4970.7,4384.19,16538.1
2009,2,FEB,6152.09,4504.13,4804.36,15460.58
2009,3,MAR,6920.19,4944.48,5636.63,17501.29
2009,4,APR,6671.67,5603.15,5204.29,17479.1
2009,5,MAY,6966.54,5452.21,5688.14,18106.89
2009,6,JUN,6357.49,5804.62,5679.72,17841.83
2009,7,JUL,6505.65,5636.65,5629.12,17771.42
2009,8,AUG,6440.82,5269.81,5786.83,17497.45
2009,9,SEP,6240.41,5309.61,5831.24,17381.26
2009,10,OCT,6625.97,4732.47,6031.2,17389.65
2009,11,NOV,6439.02,4927.94,5772.15,17139.11
2009,12,DEC,7318.84,5247.61,5597.34,18163.8
2010,1,JAN,6755.01,5156.04,5655.34,17566.39
2010,2,FEB,6626.28,4670.25,5763.57,17060.09
2010,3,MAR,7246.55,5801.67,6381.97,19430.2
2010,4,APR,6672.1,5689.65,6138.81,18500.56
2010,5,MAY,6785.83,5738.06,6658.81,19182.71
2010,6,JUN,6600.45,5488.67,6629.36,18718.48
2010,7,JUL,6773.94,5315.9,6493.84,18583.69
2010,8,AUG,6477.46,5397.9,6436.83,18312.19
2010,9,SEP,6328.85,5222.03,6458.44,18009.32
2010,10,OCT,6444.53,5283.69,6560.13,18288.35
2010,11,NOV,6875.8,5414.87,6283.63,18574.3
2010,12,DEC,7198.36,4829.7,6372.11,18400.17
2011,1,JAN,7076.94,5643.85,5846.18,18566.97
2011,2,FEB,6623.65,5268.22,5746.93,17638.8
2011,3,MAR,7376.41,5893.98,6531.65,19802.03
2011,4,APR,7151.67,5613.93,6045.89,18811.49
2011,5,MAY,7248.08,5757.91,6755.38,19761.37
2011,6,JUN,7136.8,5572.73,6597.32,19306.85
2011,7,JUL,7029.45,5661.43,6478.99,19169.87
2011,8,AUG,7037.16,5711.1,6731.12,19479.38
2011,9,SEP,6854.36,5528.46,6290.51,18673.33
2011,10,OCT,6710.47,5453.6,5878.05,18042.12
2011,11,NOV,6662.41,4665.04,5714.51,17041.96
2011,12,DEC,7701.28,4579.42,5903.27,18183.97
2012,1,JAN,7475.69,5195.41,6164.75,18835.85
2012,2,FEB,7332.51,4849.55,6311.25,18493.3
2012,3,MAR,7851.79,5455.37,6987.49,20294.64
2012,4,APR,7567.31,5874.36,6261.42,19703.09
2012,5,MAY,8073.76,5871.36,7008.2,20953.32
2012,6,JUN,7531.04,5419.71,7000.16,19950.9
2012,7,JUL,7416.14,5687.36,7228.71,20332.21
2012,8,AUG,7426.93,5984.75,6929.97,20341.65
2012,9,SEP,6987.52,5907.41,6793.65,19688.58
2012,10,OCT,7480.32,6207.7,7215.68,20903.7
2012,11,NOV,7671.22,5863.72,7250.39,20785.33
2012,12,DEC,8018.99,5838.09,6980.8,20837.88
2013,1,JAN,7934.92,5462.36,6694.02,20091.3
2013,2,FEB,7296.77,4918.32,6591.02,18806.11
2013,3,MAR,8161.65,5431.12,7634.25,21227.02
2013,4,APR,7806.44,5727.95,6648.04,20182.42
2013,5,MAY,8055.74,5979.08,7499.24,21534.06
2013,6,JUN,7350.11,5433.02,7147.39,19930.51
2013,7,JUL,7573.41,5931.07,7158.99,20663.46
2013,8,AUG,7446.53,5967.07,6999.7,20413.31
2013,9,SEP,6898.25,5691.04,6828.38,19417.66
2013,10,OCT,7377.9,5569.15,7078.52,20025.57
2013,11,NOV,7565.61,5500.98,7046.42,20113.01
2013,12,DEC,7913.87,5537.57,6509.46,19960.91
2014,1,JAN,7917.75,5619.99,6273.3,19811.04
2014,2,FEB,7214.0,5361.73,6398.23,18973.96
2014,3,MAR,7969.33,5839.08,7405.02,21213.42
2014,4,APR,7704.19,6338.23,6917.35,20959.77
2014,5,MAY,7979.1,6841.76,7662.96,22483.82
2014,6,JUN,7320.43,6353.57,7205.93,20879.94
2014,7,JUL,7479.13,6577.41,7259.46,21316.0
2014,8,AUG,7355.84,6054.99,7364.29,20775.12
2014,9,SEP,7165.5,6288.39,7261.94,20715.84
2014,10,OCT,7410.57,6232.03,7564.77,21207.36
2014,11,NOV,7441.32,5947.11,7288.94,20677.37
2014,12,DEC,8179.62,6339.49,6954.01,21473.12
2015,1,JAN,8048.66,6072.83,6891.6,21013.09
2015,2,FEB,7531.0,5937.4,6741.62,20210.01
2015,3,MAR,8192.11,6100.67,8043.29,22336.07
2015,4,APR,8046.77,6186.47,6907.0,21140.24
2015,5,MAY,8158.92,5769.76,7953.35,21882.03
2015,6,JUN,7741.37,6204.96,7717.49,21663.82
2015,7,JUL,7875.93,6138.73,7799.15,21813.81
2015,8,AUG,7798.35,5960.73,7098.34,20857.42
2015,9,SEP,7387.45,6120.05,7113.13,20620.63
2015,10,OCT,7794.12,6113.62,7042.52,20950.26
2015,11,NOV,7949.77,5778.22,7189.92,20917.91
2015,12,DEC,8693.14,5759.05,7004.52,21456.71
2016,1,JAN,8371.26,6306.52,6967.32,21645.1
2016,2,FEB,8215.21,6210.86,6628.89,21054.96
2016,3,MAR,8693.59,6407.94,7674.86,22776.39
2016,4,APR,8275.93,6056.38,7423.66,21755.96
2016,5,MAY,8545.02,6346.7,7878.86,22770.58
2016,6,JUN,8037.36,5984.57,7281.92,21303.86
2016,7,JUL,7977.93,5879.31,7194.42,21051.66
2016,8,AUG,8169.83,6416.17,7146.1,21732.1
2016,9,SEP,7778.69,6127.22,7155.23,21061.14
2016,10,OCT,7762.74,5956.3,7293.37,21012.4
2016,11,NOV,8254.49,5998.72,6725.87,20979.08
2016,12,DEC,8841.92,5909.45,6797.01,21548.38
2017,1,JAN,8374.06,5905.07,6827.38,21106.51
2017,2,FEB,8093.38,5914.15,6345.56,20353.1
2017,3,MAR,9077.55,6626.42,7391.06,23095.04
2017,4,APR,8244.58,6504.92,6602.32,21351.82
2017,5,MAY,8668.27,6266.05,7294.25,22228.57
2017,6,JUN,8481.25,6674.18,6978.35,22133.79
2017,7,JUL,8253.04,6187.0,6820.07,21260.11
2017,8,AUG,8361.22,6261.85,7337.98,21961.05
2017,9,SEP,8127.43,5989.02,7207.69,21324.14
2017,10,OCT,8051.84,6150.93,7168.13,21370.91
2017,11,NOV,8405.95,5749.39,7018.73,21174.06
2017,12,DEC,9007.51,5595.0,6508.76,21111.26
2018,1,JAN,8778.35,7146.66,6544.03,22469.04
2018,2,FEB,8341.34,6151.73,6161.78,20654.84
2018,3,MAR,9226.76,7470.88,7294.9,23992.54
2018,4,APR,8563.87,6477.38,6666.52,21707.77
2018,5,MAY,8635.41,6228.0,7260.03,22123.44
2018,6,JUN,8345.99,6995.68,7111.09,22452.76
2018,7,JUL,8188.81,6989.44,7006.9,22185.16
2018,8,AUG,8437.13,6753.47,6947.1,22137.71
2018,9,SEP,7817.62,6431.96,6696.62,20946.2
2018,10,OCT,8289.99,6338.51,7125.71,21754.21
2018,11,NOV,8580.47,5667.92,7065.71,21314.1
2018,12,DEC,9124.17,5912.63,6617.88,21654.69
2019,1,JAN,8977.73,5605.27,6716.79,21299.78
2019,2,FEB,8281.95,5091.8,6542.61,19916.36
2019,3,MAR,9185.4,6354.78,7450.57,22990.76
2019,4,APR,8687.3,6298.97,7247.25,22233.51
2019,5,MAY,8880.86,5999.79,7685.84,22566.48
2019,6,JUN,8475.04,5881.9,7128.09,21485.03
2019,7,JUL,8645.96,6310.49,7098.18,22054.62
2019,8,AUG,8477.12,6296.54,6760.14,21533.8
2019,9,SEP,7953.7,5874.82,6621.82,20450.33
2019,10,OCT,8550.19,5901.69,7104.69,21556.57
2019,11,NOV,8620.88,5372.13,7027.66,21020.66
2019,12,DEC,8915.7,5072.21,6353.29,20341.19
2020,1,JAN,8517.48,6572.97,6664.44,21754.89
2020,2,FEB,7999.85,5978.99,6388.54,20367.38
2020,3,MAR,8278.77,6085.24,7179.08,21543.09
2020,4,APR,7064.74,5970.12,6057.96,19092.82
2020,5,MAY,7842.44,6408.36,6339.68,20590.48
2020,6,JUN,7751.76,6202.33,6277.2,20231.29
2020,7,JUL,8252.06,5649.53,6786.49,20688.07
2020,8,AUG,8132.16,6033.39,6243.39,20408.94
2020,9,SEP,8010.94,6258.13,6290.83,20559.9
2020,10,OCT,7744.75,6536.9,6184.93,20466.59
2020,11,NOV,8222.12,6635.98,6263.4,21121.5
2020,12,DEC,8495.43,6467.26,5999.82,20962.51
2021,1,JAN,7405.31,5982.54,5980.86,19368.71
2021,2,FEB,7650.12,5780.64,5981.44,19412.2
2021,3,MAR,8669.15,6333.77,7463.3,22466.21
2021,4,APR,7668.18,6502.35,6593.36,20763.88
2021,5,MAY,7301.35,6449.18,7319.4,21069.93
2021,6,JUN,7301.18,6595.98,6625.84,20522.99
2021,7,JUL,6699.89,7113.6,6198.78,20012.27
2021,8,AUG,6599.82,7004.11,6136.13,19740.05
2021,9,SEP,6657.71,5999.06,6074.01,18730.77
2021,10,OCT,7400.31,5973.45,6182.01,19555.77
2021,11,NOV,8325.43,6172.39,6126.98,20624.79
2021,12,DEC,9241.28,6740.46,5785.84,21767.58
2022,1,JAN,9146.56,5569.24,5992.12,20707.92
2022,2,FEB,8390.13,5167.47,5939.08,19496.68
2022,3,MAR,8953.12,5793.26,7270.01,22016.39
2022,4,APR,9125.42,5728.2,6274.0,21127.63
2022,5,MAY,8725.78,6510.98,6523.95,21760.71
2022,6,JUN,8496.05,5831.51,6514.0,20841.56
2022,7,JUL,8198.95,5941.33,6307.39,20447.67
2022,8,AUG,8678.29,6261.12,6153.62,21093.03
2022,9,SEP,8419.8,5700.17,6048.63,20168.6
2022,10,OCT,8792.94,6000.13,5524.48,20317.55
2022,11,NOV,9158.14,5557.06,5974.28,20689.48
2022,12,DEC,9742.74,5748.9,5556.35,21047.99
2023,1,JAN,9692.04,5188.34,5514.9,20395.27
2023,2,FEB,8689.34,5082.88,5671.52,19443.74
2023,3,MAR,9352.79,5693.5,6855.62,21901.92
2023,4,APR,8553.29,5234.11,7095.43,20882.84
2023,5,MAY,8876.94,5224.89,7804.39,21906.21
2023,6,JUN,8348.85,5003.86,7159.52,20512.23
2023,7,JUL,8433.18,4955.44,7240.7,20629.33
2023,8,AUG,8295.96,4828.75,7027.93,20152.64
2023,9,SEP,7938.24,4890.46,6514.08,19342.78
2023,10,OCT,8247.68,4531.64,6402.26,19181.59
2023,11,NOV,8817.6,4323.44,6287.89,19428.94
2023,12,DEC,9097.11,4369.78,6046.99,19513.88
2024,1,JAN,9001.28,5233.72,6133.66,20368.65
2024,2,FEB,8573.67,5450.33,6213.31,20237.31
2024,3,MAR,9226.33,5659.65,7394.24,22280.21
2024,4,APR,8721.43,5284.54,7400.14,21406.11
2024,5,MAY,8909.37,5617.86,7647.29,22174.52
2024,6,JUN,8383.23,4396.79,7120.54,19900.55
2024,7,JUL,8665.67,4744.1,6563.18,19972.94
2024,8,AUG,8772.51,4507.87,6990.96,20271.34
2024,9,SEP,8103.81,4838.81,6276.47,19219.08
2024,10,OCT,8715.84,5214.67,6423.4,20353.91
2024,11,NOV,9024.64,4820.39,6225.04,20070.07
2024,12,DEC,9238.68,4447.61,5780.6,19466.89
2025,1,JAN,9185.8,4256.36,6056.82,19498.98
2025,2,FEB,8462.8,4393.38,6056.49,18912.67
2025,3,MAR,9108.87,5248.0,6907.27,21264.14
2025,4,APR,8918.59,4870.02,6917.9,20706.51
2025,5,MAY,8977.58,5181.74,6984.54,21143.86
2025,6,JUN,8491.29,5074.04,6430.87,19996.2
2025,7,JUL,8503.2,5337.21,6398.82,20239.23
2025,8,AUG,8508.19,5130.74,6357.17,19996.09
2025,9,SEP,7974.52,4874.29,6155.85,19004.66
2025,10,OCT,8492.76,4875.19,6399.83,19767.79
2025,11,NOV,8638.57,4501.77,5847.82,18988.16
2025,12,DEC,9350.42,4518.88,6248.92,20118.22
2026,1,JAN,9258.4,3488.06,6339.66,19086.12
2026,2,FEB,8498.87,3755.73,6653.14,18907.74
2026,3,MAR,10302.73,3953.21,7274.44,21530.37
